create schema p1project;

create table p1project.admin
(
  id       serial,
  username varchar(255),
  password varchar(255),
  primary key (id, username, password)
);

insert into p1project.admin
values (default, 'admin', 'admin');


create table p1project.user
(
  id       serial,
  username varchar(255) unique,
  password varchar(255),
  primary key (id, username, password)
);

insert into p1project.user
values (default, 'admin', 'admin');


create table p1project.difficulty
(
  difficulty varchar(6)
    CONSTRAINT onlyDifficulties CHECK
    (difficulty IN ('easy', 'hard', 'medium')) primary key
);

insert into p1project.difficulty
values ('easy'),
       ('medium'),
       ('hard');

create table p1project.questions
(
  id              serial unique,
  subject         varchar(255),
  typeOfQuestion  varchar(12)
    CONSTRAINT typeOfQuestions CHECK
    (typeOfQuestion IN ('history', 'culture', 'civil', 'literature', 'economics', 'geography')),
  difficultyLevel varchar(6) references p1project.difficulty (difficulty),
  region          varchar(25)
    CONSTRAINT denmarkRegion CHECK
    (region IN ('capital', 'midDenmark', 'northDenmark', 'southDenmark')) not null,
  primary key (id, subject, typeOfQuestion, difficultyLevel)
);
create table p1project.answer
(
  id              serial unique,
  givenAnswer     varchar(255),
  difficultyLevel varchar(6) references p1project.difficulty (difficulty),
  primary key (id, givenAnswer, difficultyLevel)
);

create table p1project.questions_answers
(
  questionId       int references p1project.questions (id),
  answersId        int references p1project.answer (id),
  validityOfAnswer bool default false,
  primary key (questionId, answersId, validityOfAnswer)
);


create table p1project.highScore
(
  id                    serial primary key,
  usernameOfPlayer      varchar(255) references p1project.user (username),
  timeSpent             int,
  nrOfQuestionsAnswered int,
  nrOfQuestionsTotal    int,
  difficultyLevel       varchar(6) references p1project.difficulty (difficulty),
  score                 int
);
insert into p1project.questions
values (default, 'Where was Hans Christian Andersen born?', 'history', 'medium', 'southDenmark'),
       (default, 'When was Hans Christian Andersen born?', 'history', 'medium', 'southDenmark'),
       (default, 'Where in Copenhagen is The Little Mermaid statue located?', 'geography', 'easy', 'capital'),
       (default,
        'The Little Mermaid statue is based off a book of the same name. Who is the author of that book?',
        'history',
        'easy',
        'capital'),
       (default, 'When was The Little Mermaid statue erected?', 'history', 'medium', 'capital'),
       (default, 'Who commissioned The Little Mermaid statue?', 'history', 'hard', 'capital'),
       (default, 'Who created The Little Mermaid statue?', 'history', 'medium', 'capital'),
       (default, 'Who modeled the pose of The Little Mermaid statue?', 'history', 'hard', 'capital'),
       (default,
        'Han Christian Andersen has written a multitude of stories. It is documented that he’s written over…?',
        'history',
        'easy',
        'southDenmark'),
       (default, 'What was the first tale written by Andersen?', 'history', 'hard', 'southDenmark'),
       (default, 'Where is Hans Christian Andersen’s gravestone located?', 'geography', 'easy', 'capital'),
       (default,
        'Pop Culture phenomenon, Frozen, by Disney, was initially inspired by which Andersen story?',
        'history',
        'medium',
        'southDenmark'),
       (default, 'Hans Christian Andersen’s birthday is celebrated on which holiday?', 'history', 'easy', 'capital'),
       (default, 'What year did Andersen pass away?', 'history', 'easy', 'capital'),
       (default, 'Funen connects to which regions?', 'geography', 'easy', 'southDenmark'),
       (default, 'Funen is connected to Jutland by which bridge?', 'geography', 'easy', 'southDenmark'),
       (default, 'Funen has a population of…?', 'geography', 'medium', 'southDenmark'),
       (default, 'Aalborg University was founded in what region?', 'geography', 'easy', 'northDenmark'),
       (default, 'The largest city of Jutland is…?', 'geography', 'easy', 'northDenmark'),
       (default,
        'Jutland is comprised of a large territory and is also part of which country outside of Denmark?',
        'geography',
        'easy',
        'southDenmark'),
       (default, 'What is the largest bridge in Denmark?', 'geography', 'medium', 'southDenmark'),
       (default, 'Norreport was originally known as…? ', 'history', 'medium', 'capital'),
       (default, 'DSB stands for…?', 'economics', 'easy', 'capital'),
       (default, 'DSB’s commuter system comprises of…?', 'economics', 'easy', 'capital'),
       (default, 'When was DSB founded?', 'history', 'medium', 'capital'),
       (default, 'Statistically, how many inhabitants of Copenhagen use a bicycle?', 'culture', 'easy', 'capital'),
       (default,
        'Legally, who has the highest right of way(priority) in Danish traffic?',
        'culture',
        'easy',
        'capital'),
       (default, 'Who is the PM of Denmark?', 'civil', 'easy', 'capital'),
       (default, 'The PM of Denmark belongs to which political party?', 'civil', 'easy', 'capital'),
       (default, 'What is the Danish parliament referred to as?', 'civil', 'easy', 'capital'),
       (default, 'Who is the Monarch of Denmark?', 'civil', 'easy', 'capital'),
       (default, 'Who is the Heir Apparent(next Monarch) of Denmark?', 'civil', 'medium', 'capital'),
       (default, 'How many political parties are involved in Danish parliament?', 'civil', 'medium', 'capital'),
       (default, 'Which political parties hold the highest majorities?', 'civil', 'medium', 'capital'),
       (default, 'Denmark is…?', 'civil', 'easy', 'capital'),
       (default, 'The design of Denmark’s flag was created in…?', 'history', 'hard', 'capital'),
       (default, 'What is Dannebrog?', 'history', 'medium', 'capital'),
       (default, 'The Great Belt Fixed Link connects which regions?', 'geography', 'medium', 'capital'),
       (default, 'The Great Belt Fixed Link connects which regions?', 'geography', 'medium', 'southDenmark'),
       (default, 'Denmark originally had this country as a part of their own… ', 'history', 'medium', 'capital'),
       (default, 'Denmark lost the territory of Norway to…?', 'history', 'medium', 'capital'),
       (default, 'Denmark participated in which of these wars?', 'history', 'hard', 'capital'),
       (default,
        'When did Denmark relinquish territory as a result of the Napoleonic Wars?',
        'history',
        'hard',
        'northDenmark'),
       (default, 'How many official regions is Denmark split into?', 'geography', 'medium', 'capital'),
       (default, 'How many official regions is Denmark split into?', 'geography', 'medium', 'southDenmark'),
       (default, 'How many official regions is Denmark split into?', 'geography', 'medium', 'midDenmark'),
       (default, 'How many official regions is Denmark split into?', 'geography', 'medium', 'northDenmark'),
       (default, 'Which political party was founded in 1954?', 'history', 'hard', 'capital'),
       (default, 'When was the Danish constitution originally written?', 'history', 'hard', 'capital'),
       (default, 'When was the current constitution put into effect?', 'history', 'medium', 'capital'),
       (default, 'How does Denmark revise its constitution?', 'civil', 'medium', 'capital'),
       (default, 'DSB stands for…?', 'economics', 'easy', 'northDenmark'),
       (default, 'DSB’s commuter system comprises of…?', 'economics', 'easy', 'northDenmark'),
       (default, 'When was DSB founded?', 'history', 'medium', 'northDenmark'),
       (default, 'DSB stands for…?', 'economics', 'easy', 'midDenmark'),
       (default, 'DSB’s commuter system comprises of…?', 'economics', 'easy', 'midDenmark'),
       (default, 'When was DSB founded?', 'history', 'medium', 'midDenmark'),
       (default, 'DSB stands for…?', 'economics', 'easy', 'southDenmark'),
       (default, 'DSB’s commuter system comprises of…?', 'economics', 'easy', 'southDenmark'),
       (default, 'When was DSB founded?', 'history', 'medium', 'southDenmark');


insert into p1project.answer
values (default, 'Odense', 'medium'),
       (default, 'Copenhagen', 'medium'),
       (default, 'Aalborg', 'medium'),
       (default, 'Aarhus', 'medium'),
       (default, '1805', 'medium'),
       (default, '1875', 'medium'),
       (default, '1785', 'medium'),
       (default, '1758', 'medium'),
       (default, 'Langelinie', 'medium'),
       (default, 'Oceankaj', 'medium'),
       (default, 'Norreport', 'medium'),
       (default, 'Tivoli Gardens', 'medium'),
       (default, 'Hans Christian Andersen', 'easy'),
       (default, 'Lewis Carroll', 'easy'),
       (default, 'Anders Christiansen', 'easy'),
       (default, 'Charles Perrault', 'easy'),
       (default, '1913', 'medium'),
       (default, '1910', 'medium'),
       (default, '1931', 'medium'),
       (default, '1899', 'medium'),
       (default, 'Carl Jacobsen', 'hard'),
       (default, 'Hans Christian Andersen', 'hard'),
       (default, 'Edvard Eriksen', 'hard'),
       (default, 'Frederick IX', 'hard'),
       (default, 'Edvard Eriksen', 'medium'),
       (default, 'Carl Jacobsen', 'medium'),
       (default, 'Jakob Carlsberg', 'medium'),
       (default, 'Frederick IX', 'medium'),
       (default, 'Eline Eriksen', 'hard'),
       (default, 'Eline Jacobsen', 'hard'),
       (default, 'Eline Carlsberg', 'hard'),
       (default, 'Eline Andersen', 'hard'),
       (default, '3300 stories', 'easy'),
       (default, '1100 stories', 'easy'),
       (default, '5500 stories', 'easy'),
       (default, '4400 stories', 'easy'),
       (default, 'The Tallow Candle', 'hard'),
       (default, 'The Snow Queen', 'hard'),
       (default, 'The Wind in the Willows', 'hard'),
       (default, 'Mstch Girl', 'hard'),
       (default, 'Norrebro', 'easy'),
       (default, 'Odense', 'easy'),
       (default, 'Norreport', 'easy'),
       (default, 'Sydhavnen', 'easy'),
       (default, 'The Snow Queen', 'medium'),
       (default, 'The Ice Princess', 'medium'),
       (default, 'The Winter Witch', 'medium'),
       (default, 'The Frozen Sorceress', 'medium'),
       (default, 'International Children’s Book Day', 'easy'),
       (default, 'World Children’s Day', 'easy'),
       (default, 'International Book Day', 'easy'),
       (default, 'World Fairy Tale Day', 'easy'),
       (default, '1875', 'easy'),
       (default, '1905', 'easy'),
       (default, '1913', 'easy'),
       (default, '1887', 'easy'),
       (default, 'Jutland and Zealand', 'easy'),
       (default, 'Zealand and Funen', 'easy'),
       (default, 'Funen and Jutland', 'easy'),
       (default, 'Zealand and Amager', 'easy'),
       (default, 'The Old Little Belt Bridge', 'easy'),
       (default, 'The Old Belt Bridge', 'easy'),
       (default, 'The Great Belt Bridge', 'easy'),
       (default, 'The New Little Belt Bridge', 'easy'),
       (default, '~500.000', 'medium'),
       (default, '~1.000.000', 'medium'),
       (default, '~100.000', 'medium'),
       (default, '~50.000', 'medium'),
       (default, 'Jutland', 'easy'),
       (default, 'Funen', 'easy'),
       (default, 'Zealand', 'easy'),
       (default, 'Hovedstaden', 'easy'),
       (default, 'Aarhus', 'easy'),
       (default, 'Kiel', 'easy'),
       (default, 'Aalborg', 'easy'),
       (default, 'Esbjerg', 'easy'),
       (default, 'Germany', 'easy'),
       (default, 'Sweden', 'easy'),
       (default, 'Norway', 'easy'),
       (default, 'Netherlands', 'easy'),
       (default, 'Oresund Bridge', 'medium'),
       (default, 'Storstrøm Bridge', 'medium'),
       (default, 'Øresundsbroen', 'medium'),
       (default, 'Great Belt East Bridge', 'medium'),
       (default, 'The North City Gate of Copenhagen', 'medium'),
       (default, 'The North Port of Copenhagen', 'medium'),
       (default, 'The Northern Centre of Copenhagen', 'medium'),
       (default, 'The North City Station of Copenhagen', 'medium'),
       (default, 'Danske statsbaner', 'easy'),
       (default, 'Danish Stations and Buses', 'easy'),
       (default, 'Denmark Systems Business', 'easy'),
       (default, 'Danske Storebæltsbroen', 'easy'),
       (default, 'Buses, S-train, Regional, and Metro trains', 'easy'),
       (default, 'S-train, Regional, and Metro trains', 'easy'),
       (default, 'Buses and S-train', 'easy'),
       (default, 'S-train and Metro', 'easy'),
       (default, '01/10/1985', 'medium'),
       (default, '10/01/1985', 'medium'),
       (default, '10/01/1958', 'medium'),
       (default, '01/10/1958', 'medium'),
       (default, 'Over 60%', 'easy'),
       (default, 'Over 50%', 'easy'),
       (default, 'Over 30%', 'easy'),
       (default, 'Over 90%', 'easy'),
       (default, 'Cyclists', 'easy'),
       (default, 'Pedestrians,', 'easy'),
       (default, 'Automobiles', 'easy'),
       (default, 'Motorcyclists', 'easy'),
       (default, 'Lars Løkke Rasmussen', 'easy'),
       (default, 'Donald Trump', 'easy'),
       (default, 'Queen Margrethe II of Denmark', 'easy'),
       (default, 'Helle Thorning-Schmidt', 'easy'),
       (default, 'Venstre', 'easy'),
       (default, 'Danish People’s Party', 'easy'),
       (default, 'Conservative People’s Party', 'easy'),
       (default, 'Liberal Alliance', 'easy'),
       (default, 'Folketinget', 'easy'),
       (default, 'Parliament', 'easy'),
       (default, 'Congress', 'easy'),
       (default, 'Rigsdag', 'easy'),
       (default, 'Queen Margrethe II of Denmark', 'easy'),
       (default, 'King Frederik', 'easy'),
       (default, 'None', 'easy'),
       (default, 'Donald Trump', 'easy'),
       (default, 'Crown Prince Frederik', 'medium'),
       (default, 'Crown Prince Trump', 'medium'),
       (default, 'Crown Prince Christian', 'medium'),
       (default, 'Crown Prince Lars', 'medium'),
       (default, 'Nine', 'medium'),
       (default, 'Five', 'medium'),
       (default, 'Seven', 'medium'),
       (default, 'Four', 'medium'),
       (default,
        'Venstre, Conservative People’s Party, Social Democrats, and Danish Social Liberalist Party',
        'medium'),
       (default,
        'Venstre, Conservative People’s Party, Liberal Alliance, and Danish Social Liberalist Party',
        'medium'),
       (default, 'Venstre, Conservative People’s Party, Social Democrats, and Liberal Alliance', 'medium'),
       (default, 'Venstre, Danish People’s Party, Social Democrats, and Danish Social Liberalist Party', 'medium'),
       (default, 'A social democracy', 'easy'),
       (default, 'A monarchy', 'easy'),
       (default, 'Socialist', 'easy'),
       (default, 'Capitalist', 'easy'),
       (default, '1219', 'hard'),
       (default, '1912 ', 'hard'),
       (default, '1748', 'hard'),
       (default, '1854', 'hard'),
       (default, 'Denmark’s flag', 'medium'),
       (default, 'Danish monarch', 'medium'),
       (default, 'Danish National Anthem', 'medium'),
       (default, 'A decisive battle in Danish war of 1864', 'medium'),
       (default, 'Funen and Zealand', 'medium'),
       (default, 'Jutland and Zealand', 'medium'),
       (default, 'Funen and Jutland', 'medium'),
       (default, 'Copenhagen and Copenhagen South', 'medium'),
       (default, 'Norway', 'medium'),
       (default, 'Finland', 'medium'),
       (default, 'Sweden', 'medium'),
       (default, 'Greenland', 'medium'),
       (default, 'Sweden', 'medium'),
       (default, 'Finland', 'medium'),
       (default, 'Norway', 'medium'),
       (default, 'Iceland', 'medium'),
       (default, 'Napoleonic Wars', 'hard'),
       (default, 'War of the Malcontents', 'hard'),
       (default, 'Sonderbund War', 'hard'),
       (default, 'Liberal Wars', 'hard'),
       (default, '1814', 'hard'),
       (default, '1864', 'hard'),
       (default, '1854', 'hard'),
       (default, '1219', 'hard'),
       (default, 'Five', 'medium'),
       (default, 'Four', 'medium'),
       (default, 'Seven', 'medium'),
       (default, 'Thirteen', 'medium'),
       (default, 'Socialistisk Folkeparti', 'hard'),
       (default, 'Dansk Folkeparti', 'hard'),
       (default, 'Radikale Venstre', 'hard'),
       (default, 'Venstre', 'hard'),
       (default, '1849', 'hard'),
       (default, '1953', 'hard'),
       (default, '1866', 'hard'),
       (default, '1665', 'hard'),
       (default, '1953', 'medium'),
       (default, '1849', 'medium'),
       (default, '2009', 'medium'),
       (default, '1866', 'medium'),
       (default, 'Majority support of parliament and national population', 'medium'),
       (default, 'Majority support in parliament', 'medium'),
       (default, 'Majority support in national voten', 'medium'),
       (default, 'Monarch mandate', 'medium');

insert into p1project.questions_answers
values (1, 1, 'true'),
       (1, 2, 'false'),
       (1, 3, 'false'),
       (1, 4, 'false'),
       (2, 5, 'true'),
       (2, 6, 'false'),
       (2, 7, 'false'),
       (2, 8, 'false'),
       (3, 9, 'true'),
       (3, 10, 'false'),
       (3, 11, 'false'),
       (3, 12, 'false'),
       (4, 13, 'true'),
       (4, 14, 'false'),
       (4, 15, 'false'),
       (4, 16, 'false'),
       (5, 17, 'true'),
       (5, 18, 'false'),
       (5, 19, 'false'),
       (5, 20, 'false'),
       (6, 21, 'true'),
       (6, 22, 'false'),
       (6, 23, 'false'),
       (6, 24, 'false'),
       (7, 25, 'true'),
       (7, 26, 'false'),
       (7, 27, 'false'),
       (7, 28, 'false'),
       (8, 29, 'true'),
       (8, 30, 'false'),
       (8, 31, 'false'),
       (8, 32, 'false'),
       (9, 33, 'true'),
       (9, 34, 'false'),
       (9, 35, 'false'),
       (9, 36, 'false'),
       (10, 37, 'true'),
       (10, 38, 'false'),
       (10, 39, 'false'),
       (10, 40, 'false'),
       (11, 41, 'true'),
       (11, 42, 'false'),
       (11, 43, 'false'),
       (11, 44, 'false'),
       (12, 45, 'true'),
       (12, 46, 'false'),
       (12, 47, 'false'),
       (12, 48, 'false'),
       (13, 49, 'true'),
       (13, 50, 'false'),
       (13, 51, 'false'),
       (13, 52, 'false'),
       (14, 53, 'true'),
       (14, 54, 'false'),
       (14, 55, 'false'),
       (14, 56, 'false'),
       (15, 57, 'true'),
       (15, 58, 'false'),
       (15, 59, 'false'),
       (15, 60, 'false'),
       (16, 61, 'true'),
       (16, 62, 'false'),
       (16, 63, 'false'),
       (16, 64, 'false'),
       (17, 65, 'true'),
       (17, 66, 'false'),
       (17, 67, 'false'),
       (17, 68, 'false'),
       (18, 69, 'true'),
       (18, 70, 'false'),
       (18, 71, 'false'),
       (18, 72, 'false'),
       (19, 73, 'true'),
       (19, 74, 'false'),
       (19, 75, 'false'),
       (19, 76, 'false'),
       (20, 77, 'true'),
       (20, 78, 'false'),
       (20, 79, 'false'),
       (20, 80, 'false'),
       (21, 81, 'true'),
       (21, 82, 'false'),
       (21, 83, 'false'),
       (21, 84, 'false'),
       (22, 85, 'true'),
       (22, 86, 'false'),
       (22, 87, 'false'),
       (22, 88, 'false'),
       (23, 89, 'true'),
       (23, 90, 'false'),
       (23, 91, 'false'),
       (23, 92, 'false'),
       (24, 93, 'true'),
       (24, 94, 'false'),
       (24, 95, 'false'),
       (24, 96, 'false'),
       (25, 97, 'true'),
       (25, 98, 'false'),
       (25, 99, 'false'),
       (25, 100, 'false'),
       (26, 101, 'true'),
       (26, 102, 'false'),
       (26, 103, 'false'),
       (26, 104, 'false'),
       (27, 105, 'true'),
       (27, 106, 'false'),
       (27, 107, 'false'),
       (27, 108, 'false'),
       (28, 109, 'true'),
       (28, 110, 'false'),
       (28, 111, 'false'),
       (28, 112, 'false'),
       (29, 113, 'true'),
       (29, 114, 'false'),
       (29, 115, 'false'),
       (29, 116, 'false'),
       (30, 117, 'true'),
       (30, 118, 'false'),
       (30, 119, 'false'),
       (30, 120, 'false'),
       (31, 121, 'true'),
       (31, 122, 'false'),
       (31, 123, 'false'),
       (31, 124, 'false'),
       (32, 125, 'true'),
       (32, 126, 'false'),
       (32, 127, 'false'),
       (32, 128, 'false'),
       (33, 129, 'true'),
       (33, 130, 'false'),
       (33, 131, 'false'),
       (33, 132, 'false'),
       (34, 133, 'true'),
       (34, 134, 'false'),
       (34, 135, 'false'),
       (34, 136, 'false'),
       (35, 137, 'true'),
       (35, 138, 'false'),
       (35, 139, 'false'),
       (35, 140, 'false'),
       (36, 141, 'true'),
       (36, 142, 'false'),
       (36, 143, 'false'),
       (36, 144, 'false'),
       (37, 145, 'true'),
       (37, 146, 'false'),
       (37, 147, 'false'),
       (37, 148, 'false'),
       (38, 149, 'true'),
       (38, 150, 'false'),
       (38, 151, 'false'),
       (38, 152, 'false'),
       (39, 149, 'true'),
       (39, 150, 'false'),
       (39, 151, 'false'),
       (39, 152, 'false'),
       (40, 153, 'true'),
       (40, 154, 'false'),
       (40, 155, 'false'),
       (40, 156, 'false'),
       (41, 157, 'true'),
       (41, 158, 'false'),
       (41, 159, 'false'),
       (41, 160, 'false'),
       (42, 161, 'true'),
       (42, 162, 'false'),
       (42, 163, 'false'),
       (42, 164, 'false'),
       (43, 165, 'true'),
       (43, 166, 'false'),
       (43, 167, 'false'),
       (43, 168, 'false'),
       (44, 169, 'true'),
       (44, 170, 'false'),
       (44, 171, 'false'),
       (44, 172, 'false'),
       (45, 169, 'true'),
       (45, 170, 'false'),
       (45, 171, 'false'),
       (45, 172, 'false'),
       (46, 169, 'true'),
       (46, 170, 'false'),
       (46, 171, 'false'),
       (46, 172, 'false'),
       (47, 169, 'true'),
       (47, 170, 'false'),
       (47, 171, 'false'),
       (47, 172, 'false'),
       (48, 173, 'true'),
       (48, 174, 'false'),
       (48, 175, 'false'),
       (48, 176, 'false'),
       (49, 177, 'true'),
       (49, 178, 'false'),
       (49, 179, 'false'),
       (49, 180, 'false'),
       (50, 181, 'true'),
       (50, 182, 'false'),
       (50, 183, 'false'),
       (50, 184, 'false'),
       (51, 185, 'true'),
       (51, 186, 'false'),
       (51, 187, 'false'),
       (51, 188, 'false'),
       (52, 89, 'true'),
       (52, 90, 'false'),
       (52, 91, 'false'),
       (52, 92, 'false'),
       (53, 93, 'true'),
       (53, 94, 'false'),
       (53, 95, 'false'),
       (53, 96, 'false'),
       (54, 97, 'true'),
       (54, 98, 'false'),
       (54, 99, 'false'),
       (54, 100, 'false'),
       (55, 89, 'true'),
       (55, 90, 'false'),
       (55, 91, 'false'),
       (55, 92, 'false'),
       (56, 93, 'true'),
       (56, 94, 'false'),
       (56, 95, 'false'),
       (56, 96, 'false'),
       (57, 97, 'true'),
       (57, 98, 'false'),
       (57, 99, 'false'),
       (57, 100, 'false'),
       (58, 89, 'true'),
       (58, 90, 'false'),
       (58, 91, 'false'),
       (58, 92, 'false'),
       (59, 93, 'true'),
       (59, 94, 'false'),
       (59, 95, 'false'),
       (59, 96, 'false'),
       (60, 97, 'true'),
       (60, 98, 'false'),
       (60, 99, 'false'),
       (60, 100, 'false');



